Country Name,Country Code,1996 [YR1996],1997 [YR1997],1998 [YR1998],1999 [YR1999],2000 [YR2000],2001 [YR2001],2002 [YR2002],2003 [YR2003],2004 [YR2004],2005 [YR2005],2006 [YR2006],2007 [YR2007],2008 [YR2008],2009 [YR2009],2010 [YR2010],2011 [YR2011]
Afghanistan,AFG,0.0685918498095162,0.0618143486821932,0.0570508678938691,0.0437225883240311,0.0396443700468076,0.0314347557566158,0.0416412114461905,0.0461076124049689,0.0407273663448916,0.0548548300184902,0.0658159680411251,0.0881410538805383,0.158961557957085,0.249073529591755,0.30293638839023,0.425262104940417
Albania,ALB,0.636625312930768,0.490365059535664,0.560271437384331,0.960164411868586,0.978174680894664,1.05330417594038,1.22954070946998,1.4126971959616,1.37621273504355,1.41249821101668,1.29154796900433,1.50753581545156,1.58011328280597,1.53317809380571,1.51563205345928,1.60703771025689
Algeria,DZA,3.30246252197967,2.95087834912248,3.52969939558715,2.99411874278661,2.81977800680087,2.66832779788239,2.84002791213498,2.85641005188288,2.72701713810354,3.22015455926011,2.99026715435638,3.18997803716546,3.20518284146426,3.4284716394284,3.30991183050336,3.3160378920663
Andorra,ADO,6.61635376646809,7.14569660311472,7.57644628099174,8.00143389286327,8.018180706127,7.73765678028626,7.48409481181207,7.15914044635813,7.2088285229202,7.08812774706672,6.5534765451645,6.35086830509673,6.29612455615773,6.04917284788357,6.12477049005556,5.96868546996089
Angola,AGO,0.781484777478837,0.534831299647265,0.515117027342679,0.627072295591633,0.633625298649187,0.625351712298906,0.786223278204629,0.543083666763623,1.0866048972276,1.06941718451386,1.20087714742312,1.31109648310951,1.36942476939738,1.43087337329642,1.4016541694671,1.35400752956755
Antigua and Barbuda,ATG,4.59386433198092,4.67056152397829,4.49690052017357,4.58127852079799,4.43923861528951,4.36481284505901,4.53621142071723,4.80448432710373,4.98099561908025,4.97431114879186,5.0962895515593,5.56152469874522,5.6283186877563,5.90629200463499,6.01126867125973,5.8238043379617
Argentina,ARG,3.6481903578866,3.7583870219218,3.79878183008477,3.9698758629858,3.80697572496415,3.53953268794566,3.25331267076162,3.47503504028703,4.03240701268705,4.11163482404653,4.40452504186811,4.49683365506291,4.74417840089585,4.42796011269101,4.34227205162182,4.56204851225823
Armenia,ARM,0.821584565571898,1.04482523874541,1.09434274410384,0.988511936699614,1.12652945387306,1.1576079497104,0.998805808123983,1.12917350037215,1.2045669802398,1.44373095511419,1.45963690821378,1.69475525891389,1.8686110286656,1.46996097242582,1.42299837759187,1.67165692267883
Aruba,ABW,21.6418895366308,21.5006612285978,19.6215339841423,19.6525886477012,25.5476787954831,25.3824897194652,24.9755145007632,24.9090656084111,24.5105426262381,24.9645309953914,24.7667063373996,25.613714951886,24.7501332122911,24.8767058452315,24.182702245145,23.9224121017109
Australia,AUS,16.506005898094,16.5166496192688,16.9400074287852,17.192235231956,17.2025244087088,16.7350674805543,17.3723177992408,16.9061981664103,17.0303413257549,17.1743862651264,17.2938738229482,17.4670022470184,17.7040796829998,17.6318330513514,16.7109043539437,16.5192099166948
Austria,AUT,7.94399785802694,7.8696507711243,7.98789989305221,7.74709521285674,7.76235919419499,8.18000289220997,8.28731890060786,8.87466211278491,8.84400436810432,9.02774620133695,8.7335066306543,8.405092793226,8.26204603114632,7.6088512934235,8.12769286285823,7.76998342279337
Azerbaijan,AZE,4.05906621151617,3.80302274104551,4.0029756097561,3.57983539507062,3.66627102850185,3.54710548377552,3.62394434620868,3.71816992749663,3.86322963943899,4.09180192686952,4.6162998626916,3.55534009998485,4.05138348129721,3.56566821757272,3.38822587905988,3.6473791469432
"Bahamas, The",BHS,5.87925311495743,4.75357531153299,5.79025284946941,5.70837477688608,5.60099163788097,5.17743074111461,5.10013908205841,4.80793141561391,5.34350884699215,4.85602427386459,4.53186559897082,4.5213537116628,2.99808942961155,4.63052032245335,6.82932128703268,5.19984401885954
Bahrain,BHR,26.940217813074,28.9699833064028,29.7784222737819,28.1159705665747,27.9566442479999,20.0423173064054,21.6421070771267,21.6236936954681,21.670994283338,22.1539052425912,20.0147585904882,21.443295524505,21.5199954829684,18.136233741709,18.4350247637592,17.9473298142286
Bangladesh,BGD,0.198614945173835,0.202825216450886,0.190602088302059,0.1960157246649,0.21228704387473,0.242619015910051,0.247430419383157,0.244466359760847,0.282229561764266,0.26274226906589,0.332345776356542,0.319840388763731,0.334439662264521,0.352155282333371,0.37035987778582,0.372017165838757
Barbados,BRB,3.19900729487854,3.37929303524335,4.25617188345543,4.49988844265953,4.40304182509506,4.51117161582054,4.52500930090357,4.66016800055829,4.73999875499376,4.93817081671308,4.98639470622455,5.17874084749814,5.8711140760507,5.833678079191,5.43033845317385,5.58017761812104
Belarus,BLR,5.92097785433071,5.88307571414451,5.72028692025027,5.56243886397608,5.34418060969515,5.29772169621273,5.31073786112519,5.48346942941717,5.96481079136691,6.11242564420987,6.43786828404831,6.3056289748954,6.59274874055416,6.34193899232145,6.55654963119073,6.68251039797319
Belgium,BEL,11.6238342474975,11.3288520215357,11.6019145530416,11.2537074805951,11.2078472381417,11.1130394290808,10.3649114928841,11.041147410119,10.6426405295315,10.3350958432778,10.122879328871,9.71371759037052,9.69959896257442,9.63477575542354,9.98997552441917,8.84939830249506
Belize,BLZ,1.44157922817002,1.75400707555684,1.60827047753041,2.51601512818796,2.78755579996118,2.78991642776747,1.39854005690269,1.4306548459492,1.43447126790662,1.46276638931936,1.48823563805456,1.53609380602742,1.47319582578022,1.49518515569005,1.72170865865072,1.67090430233936
Benin,BEN,0.204833203212658,0.191382863348236,0.185408737166602,0.23175492705205,0.230065879391012,0.252987807096144,0.280412782963242,0.307110875080766,0.316583690909118,0.292647893114482,0.458607506622972,0.516298738681918,0.500183372754854,0.514277811600542,0.541771234257552,0.509962225664154
Bermuda,BMU,7.92812120607361,7.87989487082004,7.58154340941535,8.07775148894509,8.00616175828441,7.92021310636119,8.33515068667345,8.04915909988156,10.5280985252589,6.9162795772672,8.07020752289881,7.96829922327703,5.95501968654727,7.09532878298495,7.3200356243474,6.07721021002416
Bhutan,BTN,0.594017686195906,0.760266990710612,0.721706972367696,0.702122770962842,0.708458365754617,0.669271192043858,0.698568399170484,0.612679529063675,0.485668561337675,0.608197947364945,0.588329934624843,0.575767714253431,0.606778514798774,0.54914598137971,0.677145031003296,0.766205619422981
Bolivia,BOL,1.29765446984073,1.40094843511382,1.42727899193858,1.37399736762026,1.22592257196824,1.15624481396661,1.1056077402687,1.60366372999244,1.45899145158089,1.32247248204326,1.58674906512685,1.31820385825022,1.41218933582336,1.45984101117361,1.54765908686466,1.59949903941542
Bosnia and Herzegovina,BIH,1.1172340984436,2.22095178170661,2.805680397087,2.74221545406669,3.63521315476005,3.51669413779391,3.75525129406538,3.79542285371936,4.08022510946524,4.2272056727006,4.57598324764023,4.58038656208777,5.23154664536666,5.37188996000763,5.51399384343896,6.1966521497478
Botswana,BWA,1.94744969528368,1.95175733331065,2.28352892031576,2.07565875736375,2.46215231210328,2.45918738450558,2.51010873848138,2.35562941122535,2.38507313087294,2.47679483348471,2.45089416887213,2.43525616818213,2.5305513688432,2.19229458572388,2.55529338114327,2.32334500642674
Brazil,BRA,1.72279160068058,1.79010337097845,1.83143031299461,1.84907556878028,1.86580837597139,1.89123873617418,1.8352662792254,1.75149065902436,1.81513348184222,1.84269049471974,1.82313307231817,1.88403447079654,1.99042894229295,1.86652237546496,2.11341454484465,2.19139356376845
Brunei Darussalam,BRN,17.0953450003141,17.3082267406197,17.5785661763546,13.0684409472163,18.4706734754382,17.0690204524822,14.1390459050099,13.9522595742611,13.6288276637616,12.7675060584875,11.6041151704468,24.1784093852732,26.3382713650187,22.1490286245737,21.8732221041337,24.3920133786297
Bulgaria,BGR,6.76324103837626,6.20984958255876,5.93432529315886,5.35671807648237,5.32803434248386,5.79201030587204,5.67260666244052,6.04686167685619,6.01288843657135,6.18991912040207,6.35710116352471,6.9166873637735,6.77893940403021,5.72971597740758,5.96688354790464,6.71438250987163
Burkina Faso,BFA,0.0682294448880723,0.0756381553305848,0.0785611900637546,0.0825504457318859,0.0897168352983095,0.0835101902754079,0.0817475639053798,0.0852143871808742,0.084722420619097,0.0838753505550506,0.0983401636307714,0.115429246294273,0.115427271078933,0.1097740872655,0.107673099640188,0.119980559825133
Burundi,BDI,0.0503723504617967,0.0474053240009925,0.045049693485178,0.0431821637037991,0.0428092027380228,0.0295610014510445,0.0297050888012963,0.0218002044258949,0.0258454714431543,0.0194113770326055,0.022756802996324,0.0219643298822326,0.021615102141911,0.02086763686521,0.0205420776426293,0.0213499260634489
Cabo Verde,CPV,0.348794016640468,0.348978172545479,0.366801307027655,0.401207236903365,0.426262202640762,0.467230869305722,0.539506275856617,0.546869833036148,0.562968964892267,0.618610614393198,0.644052983178782,0.769548992474204,0.591177783656867,0.625391176416197,0.59823116405882,0.859061432792295
Cambodia,KHM,0.146717767349092,0.135829990881697,0.167576557300261,0.15893614734565,0.162037087516258,0.180862681553467,0.174068505369507,0.184469651196472,0.18653345773529,0.208401419873697,0.221776425913987,0.253749444594171,0.28528240246999,0.292181174699104,0.291550731133576,0.308073151562941
Cameroon,CMR,0.321437703806564,0.218624576910843,0.212370347278344,0.198545221235008,0.215493084286489,0.209262635537382,0.20368052939092,0.220421345741937,0.223952227515535,0.203913289783929,0.207631788360223,0.305805976486128,0.283310453563128,0.332458227398889,0.325727346555959,0.268091792889505
Canada,CAN,16.158854572845,16.4937470987621,16.7435327411159,16.9008648095688,17.3704516131129,16.9850295187875,16.5593778458006,17.4638617565349,17.2636102203469,17.426080620203,16.8936081893726,17.0518995298214,16.3661645948193,15.0890976604388,14.5890535391657,14.1358133791149
Cayman Islands,CYM,11.5909348441926,11.434908416676,11.2705209050925,10.592941471992,10.908192395346,10.4972181822379,10.490724598811,10.4357186305179,9.76853633269202,9.87962486888921,9.6754617414248,11.3258158508159,11.2244496929617,10.3352859906051,10.1734493505558,10.3049310710498
Central African Republic,CAF,0.0686791938224779,0.0702387997404164,0.069710385269559,0.0722698046429129,0.0718431431908553,0.0647456950881458,0.0636535619609802,0.0598191213811659,0.0533328853109509,0.0524424451278329,0.0550879161990273,0.0558501169890131,0.0548284566530504,0.0538091093598246,0.0593983360528849,0.0631278135947735
Chad,TCD,0.0146841667612536,0.0151687791385886,0.0146488015641952,0.0150460422994082,0.0210966352607073,0.0198934645982576,0.0187380680645476,0.0407726891149809,0.0388961513611351,0.039700605844378,0.0390495006723195,0.0428630111366905,0.0457562743834237,0.0426894145233041,0.0434625491115785,0.0438304243635328
Chile,CHL,3.36896878442792,3.86422656599564,3.89770079119679,4.10627086548072,3.87696193907248,3.48663521203812,3.55976955015885,3.53498465408562,3.77389617962387,3.84046304023385,3.98128426961433,4.35156491027809,4.31643980454093,3.96943414650436,4.24672531044285,4.61644538016156
China,CHN,2.84430958153669,2.82056789057578,2.67674598026467,2.64864924664833,2.69686243322549,2.74212081298895,2.88522504139331,3.51224542766222,4.08013890554173,4.4411506949345,4.89272709798477,5.15356401658718,5.31115185538876,5.77814318390097,6.1724888760975,6.71030199087886
Colombia,COL,1.59077606162994,1.67961909783385,1.68161708682754,1.41921547600096,1.43362020538631,1.37290265520363,1.33889956996324,1.36224503582226,1.28898987989394,1.40798531873252,1.43582342300384,1.4068996424918,1.45114730724877,1.48476425059598,1.71139067793766,1.56062909881097
Comoros,COM,0.133892113051469,0.130311435763289,0.140989657426276,0.151100655729722,0.153992360725658,0.156730332576466,0.159316195944584,0.167954198473282,0.170030254906279,0.177827852422765,0.190925097899384,0.180694914105857,0.181858211579558,0.177475819284441,0.18894081108352,0.220233472817373
"Congo, Dem. Rep.",ZAR,0.0748177829465365,0.0656726785668239,0.0555095476469271,0.0480435061478485,0.0342669881518454,0.0336673642538684,0.0349639553799251,0.0354136465146102,0.0393605211686563,0.0443260218804449,0.0455788715559143,0.0473122739873694,0.0484113728039341,0.0456040970538427,0.0493280639148669,0.050302687534911
"Congo, Rep.",COG,0.613810994158238,0.815416903590501,0.263258077941464,0.270915698676339,0.337301790227864,0.240713305105747,0.176770804579984,0.275171060799072,0.278308394323142,0.353815464421941,0.310280350497074,0.32666480966395,0.341559409628178,0.431598927403307,0.473472225569701,0.538098378550474
Costa Rica,CRI,1.32029956074026,1.35419288706053,1.41136957914131,1.43489129516918,1.39470149919118,1.4413673438751,1.55679330223803,1.60599059130338,1.65525804751281,1.61688908935665,1.64763471879576,1.85890149022821,1.88006450380697,1.69368292084618,1.66517786720402,1.7049744950915
Cote d'Ivoire,CIV,0.564165507410252,0.534357649092368,0.439476295296647,0.388336308538252,0.411145742800498,0.458120174729576,0.423983154093228,0.312160239301985,0.430502632324555,0.431561606207393,0.378474934427443,0.364908081635561,0.356768972040657,0.297496879462333,0.292351512964102,0.312877702632263
Croatia,HRV,4.12068313306631,4.2204186351706,4.53629326816263,4.4996038647343,4.43834591052869,4.66551418918919,4.92732477477477,5.30228378378378,5.19195652173913,5.20165848716794,5.21969369369369,5.5005,5.26915815689136,4.86661693472095,4.72882177726782,4.80153001129275
Cuba,CUB,2.46422065813922,2.24078256570129,2.2187524367425,2.28614433311981,2.34630482710517,2.28244728588298,2.33274725648082,2.27249401841507,2.22453383603127,2.30940803754392,2.43074716463984,2.37457168498915,2.69643840134828,2.64635578567254,3.3922918133347,3.17231509144201
Cyprus,CYP,6.6012601260126,6.60751875141036,7.03887604070305,6.99728252354696,7.26179413052443,7.12055867920564,7.16647293605461,7.76273205430046,7.21973328135598,7.26591489716111,7.42989603097607,7.70282491721854,7.92977131131559,7.43833850228247,6.98390754608425,6.73537582255401
Czech Republic,CZE,12.1635618595823,12.3788146715138,11.8968358733456,10.8849052787572,12.0607979687692,12.0929177549685,11.7242834990501,11.9384363230207,11.4072526103252,11.7624500353337,11.9312014321844,11.9742955217817,11.2401289678575,10.3051617704283,10.6133683902005,10.4310881349318
Denmark,DNK,13.7146519315518,11.6476885201886,11.2273041516574,10.3626636406223,9.61317555419716,9.87509234839328,9.68193192955788,10.3882734936947,9.36270101912787,8.69007693057132,10.1129141598949,9.20201511030611,8.54735610629128,8.05955954043883,8.3946577336881,7.24832871740999
Djibouti,DJI,0.604628328495756,0.534825652962762,0.561927144199262,0.593405773852744,0.502424705423203,0.444582938285328,0.546021981088162,0.567019887505022,0.535018836856668,0.541754559959712,0.529872322518414,0.578051792235543,0.615968351326949,0.563399207654704,0.622346840763503,0.561940931477949
Dominica,DMA,1.03083799510865,1.14017185821697,1.09548332029305,1.15410145632457,1.47355731282022,1.63188343382142,1.47087642896026,1.62261269234063,1.5643085673658,1.61147968586091,1.5562314330174,2.12369517621301,1.81071090983479,1.80780336643426,1.90648755743533,1.74614156466205
Dominican Republic,DOM,2.15796848817939,2.20510324403557,2.21751536062437,2.20217090380533,2.31130098802668,2.27850737375687,2.41510963299875,2.39907082694796,2.01135197561858,2.01777860291105,2.10323600708672,2.24125104583845,2.22231100511587,2.10347606615534,2.15841368893036,2.18290788799199
Ecuador,ECU,2.04481070708385,1.53260727827803,1.82748771013739,1.715686518843,1.65831870779618,1.8242627085419,1.8887549900337,1.99580205574284,2.12127002597033,2.17746973622288,2.06617581254757,2.20399790813108,2.06452130457654,2.355257087353,2.29330340391352,2.35401738651458
"Egypt, Arab Rep.",EGY,1.60436510502947,1.67095813753118,1.85434227089194,1.86839054746528,2.06814043277005,1.80246890999698,1.79376499727608,2.04800431781662,2.05054049898427,2.23116022279329,2.34175781523222,2.49135700439739,2.49185303122379,2.462249163666,2.49481706669717,2.63511522475978
El Salvador,SLV,0.867469450396864,1.01204381357272,1.01327039831243,0.986643604367293,0.98807364832731,1.01764595778288,1.02813066609968,1.11049107691348,1.07439938876867,1.08520202595975,1.14725173923797,1.16568967665785,1.09016956300083,1.07000917399501,1.04453798797212,1.10399857445029
Equatorial Guinea,GNQ,0.252981605884737,0.611375553314049,0.339858561843934,0.921487804545463,0.856491666917815,5.63735617214352,8.77241819104259,10.2553410864867,8.60793862101844,7.52891992854701,7.35991872613122,7.20404086524742,6.56211756236675,6.53381507590274,6.42106187646663,8.9072415363595
Eritrea,ERI,0.106485734394389,0.161947511694124,0.176909452069038,0.180695381694257,0.172190986762677,0.172564422602863,0.159706978850911,0.18482448869873,0.18944107171587,0.18285685518457,0.130342390647796,0.131490395908221,0.0920693910507799,0.111761080593676,0.109470529231945,0.108718364579018
Estonia,EST,13.2889161722923,13.1138806817979,11.9097951457123,11.0730852805261,10.8672462481702,11.2352009739827,10.8280646681408,12.439849130384,12.6355473193644,12.3859622446532,12.0208529785196,14.0560857176955,13.0818344314893,11.0489631064469,13.7731966428209,14.0498825181421
Ethiopia,ETH,0.0633756646095682,0.0701564462039676,0.0801145992841978,0.0784525851143888,0.0875859937938646,0.0629993849674488,0.063659603896341,0.0682952727298833,0.0703801230741165,0.065960442395694,0.0688357088448153,0.0731206218150113,0.0766683805248575,0.0769062318149991,0.0755915700878468,0.0839431166461619
Faeroe Islands,FRO,13.8091694834509,13.3594350866935,13.9769534193148,13.9155980109919,14.8285904798778,16.2242831617459,15.4556183090281,15.646030285284,15.932540589984,14.9450524442973,13.9860839088754,14.1853947612091,12.9701207098645,11.8429021043754,12.9866781971297,11.7212117462674
Fiji,FJI,1.14056335478706,0.929631876537947,0.87973470412863,0.995758182949904,1.06679914154308,1.36913223165871,1.02499108118148,1.05525050635174,1.38461059075829,1.65988172592539,1.64427537195277,1.44091795061631,1.27857012402663,0.994392231532634,1.50525959588442,1.42481324805984
Finland,FIN,11.9586361634423,11.6605782092227,11.0582844894866,10.7295164006246,10.1284741400511,10.996742102171,11.8606758299719,13.2610969393138,12.8326749770283,10.4164380522202,12.5706384483281,12.0984818632864,10.6516521721783,9.95862851902584,11.5308402282752,10.1640460986379
France,FRA,6.28052423323725,5.861894898586,6.34492849875065,6.17325995304043,5.97682641417858,6.21204812176703,6.1310218917103,6.20666459913396,6.19411440864021,6.18161046149315,5.99589372288961,5.85654740768939,5.77452192225583,5.51140538887853,5.49670665548453,5.18504342392799
French Polynesia,PYF,2.64219589387182,2.67156981057863,2.60116472545757,2.50284603101015,2.65828792035976,3.05487077040402,3.00804384733423,3.21645958734348,3.1309394744471,3.33776933820875,3.30089899934428,3.23938685133334,3.30602905541375,3.28826880472624,3.29676384458993,3.16795268439279
Gabon,GAB,3.17073691405076,3.10007973157038,1.39101144475302,1.19548374434054,0.854557841026091,1.41392614454534,1.37954238003339,1.09334546196664,1.37425010612056,1.57828952000215,1.47833517871845,1.38189897716847,1.3958945296358,1.42308289351133,1.45544562160816,1.41816574927503
"Gambia, The",GMB,0.197431374499356,0.192008952897888,0.202491628566326,0.215177882842102,0.223804443619834,0.222838238091142,0.241162552746327,0.233541798577401,0.231368576072593,0.224010129520694,0.226764112598312,0.257764783679505,0.258833627750829,0.266259848837543,0.279410774470438,0.241098416956387
Georgia,GEO,0.88098243105652,0.979139818165769,1.10566509928019,0.975944974733296,1.0266570853043,0.859400875433157,0.777669956392013,0.871663240084086,1.00117939930065,1.16196496537809,1.39826261937244,1.46315673138274,1.46385555910397,1.42160783513569,1.46670117678764,1.769150523604
Germany,DEU,10.8602336004331,10.5111125988271,10.4252731613799,10.0177587659515,10.0956398829225,10.3662866966788,10.0471142793913,9.97637447788901,9.90970342087729,9.6675727883724,9.78247110937081,9.48902053198602,9.52565876277067,8.80395483853709,9.17981683831858,8.91783284592949
Ghana,GHA,0.335320533601596,0.364016153152477,0.35631253058739,0.356239678084048,0.334072085228819,0.358645138097184,0.375072777027863,0.375812764252418,0.352614882958863,0.326934450217055,0.426304230464701,0.436236777090383,0.395319087248921,0.325052953709594,0.415441052196722,0.404379797695834
Greece,GRC,7.49276288654595,7.76853142726064,8.09896464012523,7.96102964554361,8.39170863757779,8.56533495425942,8.5280599301348,8.68898355140038,8.78728404069962,8.895346335088,8.74244907888221,8.80106121991199,8.74361277972374,8.48317144278425,7.77492030719811,7.55605776856022
Greenland,GRL,9.24949910554562,9.36394642857143,9.47798573975045,9.67408199643494,9.46112099644128,9.56608695652174,9.52231977247434,9.36695146657271,10.2449965735974,10.6915254237288,11.0447916299715,11.2820793917426,11.7181508308479,10.2217388988513,11.6637729549249,12.4403410089647
Grenada,GRD,1.56435771260764,1.70431644004944,1.73753726481215,1.91590185427983,1.8764416453454,1.90822688489823,2.01128305582762,2.11342079299802,2.0003701647233,2.10151431263417,2.23729650684202,2.30101267533571,2.50502241807301,2.42596214692516,2.48724170543672,2.40813743218807
Guatemala,GTM,0.626813980004335,0.698875419365319,0.785963472138441,0.782653150217617,0.848306649350738,0.887301495191716,0.904184642242048,0.835281873257922,0.902390417054708,0.944599482459331,0.928571825689781,0.915844454144984,0.811036638156075,0.864736542078937,0.771619509048883,0.748055056454528
Guinea,GIN,0.156612982056541,0.153610224301753,0.146290203495536,0.147149249202298,0.145443686986208,0.144947897195949,0.145243067285461,0.144600720653786,0.14180184602459,0.122119266858709,0.119290573200391,0.119193055596733,0.19166076232556,0.196768407683256,0.225765922542267,0.229423424565039
Guinea-Bissau,GNB,0.236971481500506,0.214041118101044,0.136738906907517,0.15092562321051,0.111505144607759,0.111894799671937,0.112225082649175,0.138652194881131,0.140859579722534,0.145398090217011,0.144756166018669,0.151256889419658,0.145619047802046,0.146971002585119,0.145854597612526,0.146810683420286
Guyana,GUY,2.09415729813899,2.17865133936723,2.24799678835126,2.26899616179111,2.16892206871835,2.14642682695452,2.12684983454603,2.10872858860905,2.19379057402562,1.93599148815817,1.73561291103327,2.09504075704296,2.08325535760116,2.08566245176484,2.28286401490917,2.35772202840916
Haiti,HTI,0.129820823375868,0.168614245100502,0.149193483937246,0.158383898140925,0.159990488001102,0.180553861898515,0.206702880526522,0.193224572232889,0.21794871513695,0.224055960392119,0.224474915136109,0.25017207358241,0.25013101318581,0.229630548323939,0.211960718095503,0.217962047888149
Honduras,HND,0.691815846278518,0.710112080951566,0.776813976702711,0.775436198408579,0.805872101590881,0.8967059176583,0.93720357944244,1.02157733783418,1.0908661358093,1.09793913851976,1.00008677001337,1.230602978495,1.19464024233174,1.05841436751889,1.08047335543303,1.10374505308333
"Hong Kong SAR, China",HKG,4.56302323051822,4.75461729308246,5.99557329950945,6.47143767501703,6.07131957989497,5.65536020136127,5.4792127934046,5.95258245676591,5.66307835188325,5.95109772206893,5.62261568301469,5.77808452496277,5.54387493173129,5.30581158214777,5.16622989094844,5.69526853894451
Hungary,HUN,6.01870580428849,5.91716805212115,5.76272094769723,5.74324842027325,5.46586020075858,5.5907159858243,5.52182927030948,5.83089647005119,5.6849107552221,5.75184892731434,5.69818703910193,5.57245952079302,5.46350118168737,4.86718592388241,5.07474962807586,4.86298993143314
Iceland,ISL,8.22264573324012,7.76333687409637,7.66726510416096,7.45612713199534,7.69378211624971,7.37342789365823,7.55022728616493,7.48545701348089,7.64601779001212,7.42707947185021,7.49618805590851,7.414833454228,6.67748114449898,6.44749277077793,6.16852858593703,5.89682897929244
India,IND,1.0234186613599,1.04622353943069,1.05461305120018,1.10571581739277,1.12642099942732,1.12310510390081,1.12530100757047,1.15657588732246,1.19717813505083,1.23315143122382,1.29453565751184,1.36578685342994,1.49788636314534,1.61904865443002,1.58486994487788,1.66287348286691
Indonesia,IDN,1.2669183190042,1.37369341030501,1.02166321424249,1.15981722634938,1.24524161877937,1.37519146864213,1.41113541135681,1.43795234239745,1.51223839324728,1.51153434366401,1.50533766795813,1.61665918557735,1.75214910182672,1.90009103006722,1.80860092013378,2.30378098280951
"Iran, Islamic Rep.",IRN,4.51380999041017,4.32478191889205,4.86089128587252,5.90786740277864,5.65987134529957,5.96931978657482,5.94088576903117,6.11276605550498,6.45510294552723,6.69301445057668,7.18931569381197,7.26688233056439,7.53327975233878,7.59209277040888,7.69802909828756,7.80214509349436
Iraq,IRQ,3.3325001841249,3.1742992680636,3.25987342367978,3.15807449996942,3.0730017890751,3.51798572509417,3.49826235328364,3.55505663464197,4.33441260491335,4.20179865711797,3.56354243172859,2.18676682684612,3.19405032217346,3.47996689025664,3.61043477945362,4.20163513007514
Ireland,IRL,9.59718048885089,9.91361343824226,10.3875563741281,10.690085134013,10.8366700182436,11.3872826927847,11.0934773535859,10.8096334286746,10.7660514237167,10.459981143841,10.1302632844369,10.1650346833398,9.52700051497435,8.89143654052862,8.81015053216393,7.88075932628823
Israel,ISR,9.38782923401265,9.64001267991775,9.62533763188746,9.15762155102041,9.58236253776435,9.87737971734741,9.10498797564688,9.40197378058807,8.67768703186958,8.23025901502143,8.87260430695947,8.75011643291876,9.34059476247811,8.61296275515657,9.03666627315179,8.95241353112365
Italy,ITA,7.48906560978832,7.56696519755575,7.7346487614895,7.76575508214982,7.912673166227,7.90443266326278,7.93232304235508,8.17175128041614,8.21648720132938,8.16609012769546,8.07214559567724,7.91734721623538,7.60176496973799,6.79565148637292,6.83837457020099,6.70255761383033
Jamaica,JAM,4.06304376668129,4.1950842696075,3.80500121246255,3.79621518796064,3.98508605698101,4.0785790057861,3.93866406041786,4.08516341898773,4.06772368263706,4.02681834361539,4.53080878478366,5.06290636440222,4.47681492132665,3.20423131917598,2.67241075596174,2.87265569267489
Japan,JPN,9.58522313668424,9.53044157008337,9.1675580221519,9.45955746223279,9.61388106556925,9.45490681012041,9.54706161873749,9.68810041654269,9.85690839927677,9.68611131459698,9.62737359018881,9.77147596503152,9.42296130029751,8.59862199817255,9.12718504723979,9.29183430343302
Jordan,JOR,3.28037526011561,3.24451935193519,3.18652979842244,3.11303226495727,3.23280029184907,3.25458368924141,3.35183306867805,3.38295662277304,3.63719262759924,3.89199427092959,3.81537572254335,3.89242236354001,3.68981576218458,3.70109721048183,3.50324048957989,3.60114706358194
Kazakhstan,KAZ,9.03150252530926,8.45071663380985,8.29809206903187,7.80345201831727,8.58455332054165,9.95457734665425,10.2258795171771,10.3169760744806,11.4672942123102,11.6819884612355,12.577156488036,14.2211715018775,14.6595776445068,13.3097278076564,15.1464782731526,15.8100975441818
Kenya,KEN,0.331798230240709,0.286573323262458,0.339479453376256,0.335704347412845,0.335350781019139,0.294043331383335,0.243741461973242,0.20132330170365,0.221377912308283,0.242225672889561,0.263863006174693,0.263921731067523,0.267801815489948,0.31450114015823,0.307975416675624,0.327569171129451
Kiribati,KIR,0.464724295689863,0.365831151016336,0.404666732061406,0.353577842326652,0.391003009264744,0.298970392974446,0.461822927996519,0.453775367862125,0.48599039151803,0.675183311852181,0.739181174872954,0.533049527567231,0.558783790647825,0.401099775271961,0.607308471670174,0.595622097800539
"Korea, Dem. Rep.",PRK,11.6586446262373,10.5521260766124,2.89275751831612,3.14003137655412,3.35806654735082,3.44891594098295,3.27376167802095,3.31683637627647,3.36229238806435,3.48601253651107,3.52764774083093,2.91845929476034,3.22067240286178,3.08670210980672,2.95883370735282,2.98718211203856
"Korea, Rep.",KOR,8.86949002454295,9.35798161971276,7.88207087063803,8.57771024734346,9.52093176005307,9.50631335841722,9.77762888590209,9.74136560386337,10.039183574571,9.61654700082847,9.72993277963223,10.1995817411096,10.3698326562231,10.3465060963923,11.4695874748226,11.8407568666903
Kuwait,KWT,30.6205356107127,32.5695855196364,29.296602910012,29.151545043256,27.7590229441245,28.9652943535298,28.512322649672,28.5890492000689,29.3279562248655,31.6074883239294,30.8721911464249,29.6368493388655,30.5812637462158,29.7217037924257,29.6934334769419,28.1026617530789
Kyrgyz Republic,KGZ,1.20743842364532,1.1673121965761,1.22105179282869,0.94243203041071,0.924535562632696,0.764529938727225,0.971361532450358,1.05648107390003,1.12135620114796,1.01644074691047,0.991517898206347,1.12061916331334,1.06934344858706,1.18048613304107,1.12946750123901,1.19959162949262
Lao PDR,LAO,0.101895917345357,0.125883024658598,0.139152368059922,0.182087006847333,0.181878534026318,0.166291561507261,0.213928437719225,0.202444056760679,0.251426515499318,0.249572498717148,0.270683528243724,0.15804879559919,0.161954987884255,0.160311794619766,0.203248950889891,0.188910505867133
Latvia,LVA,3.86365700779173,3.43811725420094,3.34896405381036,2.85630847670051,2.63615720892906,2.93244522221319,2.87941119561176,3.09809895736586,3.15153800811445,3.20543246624641,3.41845609160293,3.77978525899583,3.62940575624552,3.44326644313384,3.963228139429,3.7868014365136
Lebanon,LBN,4.4957251347618,5.06175962367963,5.34866022684941,5.22519396286139,4.7240373619173,4.82293924625172,4.55194726303365,4.92174339666683,4.35775719590989,4.0745824099888,3.57296142681329,3.30938046607624,4.20206093898631,5.0010022139099,4.63241188465437,4.6683125079609
Liberia,LBR,0.156837675476533,0.150382828321263,0.151950384760475,0.148458560301705,0.150891365326311,0.167528353291516,0.163605502767634,0.170191170793881,0.196900249101705,0.226538984508466,0.22425788908309,0.19259798253262,0.156752837494847,0.138178274592843,0.202899198835773,0.218425012023314
Libya,LBY,8.88421333452439,8.88469645368775,8.82354469471245,8.5064889063094,8.82729728190324,8.86097165172983,8.66788551124332,8.76549847160879,8.82990234996907,8.98176054197995,9.22779415247525,8.84546263963173,9.13662436620348,10.0370768021544,10.5426958884223,6.20491434412335
Lithuania,LTU,4.36788461170037,4.29048201509481,4.56343434861386,3.88525916808116,3.48620760009327,3.72213149753171,3.83733485290876,3.78165988475682,3.94706809887255,4.21163403288099,4.37136507468556,4.56432438521534,4.59889764060194,3.92563760782771,4.31901777106508,4.53755851412512
Luxembourg,LUX,20.3700090530509,18.9272976516867,17.3204662114434,17.854769731111,18.8855122622049,19.9327331408188,21.105745503446,21.9307109802272,24.5990264028204,24.8246466791929,24.0128576476239,22.9649224051184,22.3854722193799,20.8771251730172,21.6351358015437,20.8978116975694
"Macao SAR, China",MAC,3.49297561144138,3.64002465833881,3.73870967741935,3.60280457306181,3.78665314523729,3.8504136155293,3.43437090535776,3.40867302342298,3.76632379589994,3.92432110289673,3.40154212387019,3.13131462693348,2.63852474205262,2.79206950451185,2.24289316269691,2.13306090195031
"Macedonia, FYR",MKD,5.99587193605892,5.39991723136373,6.36287358094426,5.86356997882324,5.99608558629975,5.93515682001994,5.39013242924308,5.56006517290782,5.49030731283273,5.52142793507642,5.34289098484367,4.62793119131219,4.57468181734141,4.22460513278806,4.1711610939066,4.51921014111123
Madagascar,MDG,0.101694950659982,0.118742384016346,0.117520568455763,0.126134972331779,0.119012987834532,0.107283197646283,0.0738394394512581,0.0986640108667447,0.10177299157305,0.0952316828166742,0.0894051559935662,0.0937051311311205,0.0997407611599214,0.0924993264442806,0.0989833645263092,0.112992805389691
Malawi,MWI,0.0710916922518532,0.0739802976895392,0.0784529524817121,0.0916535776610301,0.0809193592912859,0.0788168179394324,0.0749654055215952,0.0791604069186358,0.0786147671535342,0.0719141100386685,0.0727114209522403,0.0706321952631787,0.0825457143142761,0.0737031106585109,0.082179516831074,0.0792314846186132
Malaysia,MYS,5.89696776911549,5.723601318316,5.10716787201505,4.71358847201829,5.40559843704414,5.71535355829947,5.53762303767437,6.44430853904411,6.6055728823269,6.87594733224263,6.49762784578545,7.03779132288317,7.65653273937501,7.37323598767175,7.9869514749551,7.89882357346821
Maldives,MDV,1.22860344747909,1.38342381360184,1.23457963979696,1.69111970514008,1.77867496005478,2.01795666285778,2.37602318824596,2.02620035525905,2.59206380431919,2.29662456388867,2.86107528823089,2.90556708872795,3.14125647143845,3.26616020788888,3.23064271217019,3.25962293794187
Mali,MLI,0.0492585378614076,0.0515716955153422,0.0730252751076083,0.0741150176658369,0.0743562507796287,0.0728494332061602,0.0722575937576479,0.0697674976488698,0.0702543524146209,0.0697452230288298,0.0708056428795858,0.0732908231901998,0.0752818435925636,0.078108538769266,0.0814766069552588,0.0799563786058226
Malta,MLT,6.03152511356715,6.72349134944408,5.68239491836108,6.1864192323914,5.41353251364186,6.32582411431247,5.80653788554154,6.47688054151969,6.41524866174228,6.68322132361317,6.3513032064504,6.69884491694614,6.25231387052096,5.79640561776778,6.31649570092736,6.03432163894414
Marshall Islands,MHL,1.28423837967197,1.27678588699538,1.34187820191826,1.26749366310777,1.47633289239087,1.54595278246206,1.61693602499952,1.61836323515303,1.69005645811729,1.62013523377771,1.76027265745008,1.89905247813411,1.89596139484116,1.96242426559125,1.9584191653315,1.95420719057498
Mauritania,MRT,1.23719235420561,1.19509059893675,0.416797802329596,0.430869425349246,0.432776761705394,0.458948357626778,0.469073433652076,0.46720662281666,0.501315548200551,0.503413824666219,0.496585807347979,0.554189620179762,0.567036612709369,0.60838703947855,0.595272317202205,0.627225463799213
Mauritius,MUS,1.72032705582736,1.74043616387584,1.87075552751975,2.06553404460433,2.2677893927994,2.39401330951519,2.39571533287233,2.52350478419608,2.53175545023231,2.68399940077541,2.94193011970865,2.97588957995531,3.02999145581499,2.96316343455219,3.13208253358925,3.12707081740397
Mexico,MEX,3.5503843818123,3.66651974594036,3.75443846779045,3.77822065070437,3.72058829909057,3.79545237540952,3.71155150380954,3.79759166236327,3.80358132459011,3.9676193457395,3.99784272008753,4.05576203736111,4.12698810791117,3.85714959914776,3.75209081638195,3.87610761080744
"Micronesia, Fed. Sts.",FSM,0.709702689252207,0.709702689252207,0.745352747699472,1.0884535470466,1.2629526203109,1.64239992535224,1.37105895329164,1.37320251647693,1.3763077644851,1.13948473605906,1.17976911430734,1.36099162542825,1.1583103606708,1.62255076422889,1.16784566537025,1.24033592330589
Moldova,MDA,3.14135922097156,1.94277720370597,1.71667946074336,1.23473396360462,0.965214232804117,1.02291336106505,1.10018238716312,1.18752826696973,1.26373016236374,1.36166630553571,1.39307192411935,1.30813802975194,1.3373360133643,1.27629063687386,1.38565964214377,1.39882179311941
Mongolia,MNG,3.47139414246315,3.30167436316572,3.27223351451952,3.17908057731681,3.13098774608561,3.25823676948948,3.39161441586116,3.2540504527054,3.42520710992978,3.42250836847161,3.71217095748889,3.89219276944865,3.81388548964013,4.14011609351611,4.24333522446811,6.91514653104629
Morocco,MAR,1.13202784261738,1.14063675202568,1.1324134175169,1.15795390537374,1.17113762904633,1.28936162589818,1.29518803263493,1.25990265553069,1.43923105452481,1.50636078503156,1.54522955818878,1.62093173583506,1.68737556834739,1.65480603821074,1.74283277934955,1.73791554669125
Mozambique,MOZ,0.0634600055804792,0.0667205558547863,0.0654315642277444,0.0668450314069949,0.0738839464632444,0.0841021166211349,0.0820628656735085,0.0962361133524577,0.0936263272140512,0.0862652979578993,0.0910936035101891,0.106928569546992,0.101742097486365,0.108702093618374,0.118205418367822,0.131189805492051
Myanmar,MMR,0.160230751050852,0.163391504064048,0.173693246807228,0.190406875014953,0.211620751599268,0.181007764097715,0.189111646690471,0.200315417749991,0.2507887672469,0.232338857103165,0.250435369012585,0.249246106624901,0.176918536909441,0.202232170797099,0.173734651797683,0.200285212139622
Namibia,NAM,1.02568975617308,1.02203120760686,1.0535493281471,0.896354963065061,0.865572540521288,1.04445612517834,0.899073374574575,0.946128588747159,0.979578029154985,1.13970417745012,1.13371049921735,1.15651357015785,1.69163252119981,1.4788234479689,1.44931923745113,1.23916048891129
Nepal,NPL,0.113513167015287,0.124278736465822,0.098464495828307,0.138092158743967,0.136237331322113,0.143089451235559,0.110532137965341,0.11869986207673,0.109872637374281,0.127088542147134,0.103210300676769,0.105098566703266,0.114501540217213,0.136102525410577,0.161137874029196,0.159474454709674
Netherlands,NLD,11.2778474972277,10.7529534004029,10.7480167864323,10.3659659622436,10.3830897629483,10.4738912314333,10.6524899576932,10.77366017594,10.8520529605518,10.5406880129178,10.2231631261791,10.4684473451345,10.5294515071606,10.2456192800798,10.9493162786269,10.0644897398765
New Caledonia,NCL,8.92787653621105,9.06654817345024,8.78883860502048,9.72776678424962,10.7827650893401,8.77418048627855,10.9601065510858,12.2305085650248,11.1794373119226,12.2455356179809,11.8122423655201,12.3255602715758,13.5313095247912,11.5708298645658,15.680092,15.1732952755906
New Zealand,NZL,7.70836414790997,8.19069685028958,7.85112870249017,8.53093113608511,8.52753117142339,8.89321917278701,8.4085141192858,8.42721617997616,8.50385149847095,8.20526621350299,8.01822157434403,7.96637908991903,8.04453612845673,7.51195509691814,7.29742018525754,7.12405086678832
Nicaragua,NIC,0.611585701682934,0.656539523227249,0.702581737779916,0.732709371409476,0.748457863384839,0.777145909915208,0.780659917675612,0.841729703202289,0.833581275638204,0.803023500895186,0.819491407406347,0.834055187872627,0.790487626829378,0.803730282471219,0.805909906405364,0.843541954964946
Niger,NER,0.104698749604452,0.100615968251191,0.102987283105349,0.0979318452619126,0.0708929011949996,0.0651991855910357,0.0674126040670285,0.0702561922609461,0.0742089958057903,0.0614545944231985,0.0576426902018001,0.056541083677029,0.0607717666337645,0.0734701216689891,0.0830544948775441,0.0839581777578064
Nigeria,NGA,0.363616856944929,0.352623826327612,0.343853742915143,0.373780745886934,0.644398133892291,0.661436757476406,0.759211411905749,0.702497288384553,0.713407232041332,0.749914331793035,0.687380143728062,0.647289877544862,0.613327638535042,0.462535787253866,0.534553664198497,0.537497560078966
Norway,NOR,7.1509804315396,7.8240419126946,8.26333283989219,9.18411564725713,8.62416802439207,9.1119496844199,8.26217746006696,9.33929818143183,9.28746643553554,9.17921692577863,9.49583569082346,9.57484965980082,10.5544610852034,10.818605570082,11.616193233648,9.19287906857298
Oman,OMN,6.80448272071676,6.95177267332137,7.44303485695229,9.3047520962884,9.77745274075278,8.92647940834667,10.9637349814028,13.5805419116799,11.4315058365473,11.9244849496847,15.510289123106,17.1916028915663,14.4797972009753,13.9267970107959,19.1226070039307,20.2038945134942
Pakistan,PAK,0.751384383467914,0.735075224711432,0.739796140824193,0.742716131945357,0.769974452241893,0.766430146691572,0.790758874723953,0.807428900738756,0.875777315420119,0.890970980973123,0.933241986003837,0.994536472935526,0.975314123679233,0.962548785818782,0.957357369288562,0.941171125077653
Palau,PLW,6.63147781859282,6.47486619213154,6.33470092852516,6.2159127026168,6.11995410451653,9.44908266336838,9.36653895274585,9.67939086294416,9.44291845493562,9.57874114633043,10.0782030781531,10.3896510587534,10.3336629257923,10.2742331891467,10.5692721055203,10.8554304571484
Panama,PAN,1.65450570604094,1.97956420128165,2.04297201707917,1.90869145540374,1.91174282732387,2.27013071745095,1.86689182657451,1.92137544570495,1.78029853913883,2.0603599974814,2.18157520866631,2.09351011721156,2.10774895324778,2.4158882351272,2.44905159665527,2.62527624410677
Papua New Guinea,PNG,0.452284780874617,0.518784628895763,0.561374563791633,0.467052317389246,0.496070655079381,0.582028121647029,0.616865701422395,0.680811605966004,0.7556181364191,0.720519212966195,0.690926208091585,0.958160742829321,0.733370059662702,0.760922609119276,0.681184727252229,0.746895234112231
Paraguay,PRY,0.770185979618925,0.84232059379007,0.884811406506113,0.86648688120979,0.695683314717041,0.706728134464661,0.707622696449107,0.725821637433157,0.716846063514093,0.661206044075974,0.677573779955351,0.693306247234402,0.719800679032751,0.737248172155734,0.817267073083734,0.841915242121446
Peru,PER,0.996827962893287,1.10390729858279,1.10345807481219,1.14853334711459,1.16908740636411,1.03441455037958,1.02201664622731,0.979310103146378,1.16948433017805,1.34498960283308,1.25452260071375,1.52718394326069,1.44134546524047,1.77106554567421,1.96972244914523,1.7832331442343
Philippines,PHL,0.870174453903902,0.9742003998899,0.927455027596626,0.906592593782086,0.940650370314615,0.892559533758256,0.877524618000029,0.86212696241831,0.875524232758831,0.86871692885601,0.772811732147374,0.783104987159743,0.841040934696529,0.816054812318835,0.878135470687304,0.867845343351234
Poland,POL,9.21032508750305,9.04291103725104,8.41674294665811,8.16636882860961,7.82251078573673,7.87682460158257,7.71175322840243,7.91113403448854,7.97358016513549,7.92904440129022,8.36440488460963,8.25005162568441,8.27306821616325,7.8173502696597,8.33487211796273,8.33578670557733
Portugal,PRT,5.04105944537654,5.26599664832554,5.71405748471782,6.33104677432425,6.11921099703807,6.06630005127996,6.41290214595891,5.85874545515216,6.02593605542843,6.21795849506775,5.61744489411428,5.7730317584315,5.2437429302426,5.15859337882621,4.69009476880007,4.70984962434502
Qatar,QAT,62.1764628885798,68.7007551877746,59.0604245577068,55.0394116812087,58.5221694051593,49.4733103043733,44.896166068715,54.113310335022,60.637815259201,61.9897577318849,57.3988960471365,55.3367999626788,48.6016197707353,44.836401447757,42.6390760079365,44.0189263670224
Romania,ROM,5.6010946812689,5.07436293499976,4.54217490077905,3.98894871137645,4.00947419127352,4.32279774462011,4.24167547763291,4.44693943161886,4.4472213639653,4.48766935346371,4.84082701700878,4.86650986913651,4.65814321101867,3.99764919452262,3.91841015829063,4.21056012429912
Russian Federation,RUS,10.905807370114,10.3359776483444,10.1465193513145,10.4199624653546,10.6285713586029,10.6729946781762,10.7198631363213,11.0956670082793,11.1264558099453,11.2576934337598,11.6716086123682,11.6774381736315,12.0191306434285,11.026116238178,12.1984374262445,12.6473282325063
Rwanda,RWA,0.0787801868511475,0.0766527751264272,0.0692063907403739,0.0671988649389998,0.0658260070120763,0.0638381301826497,0.0622687895778314,0.0599454162560184,0.0598086568785709,0.0586183967327655,0.0572035158331547,0.0587890644982224,0.0556613869050781,0.0574306550469775,0.0573543796677356,0.0628741973256297
Samoa,WSM,0.770755972815806,0.766660278411764,0.763167783372548,0.801954442385387,0.798023068024328,0.814577910427358,0.809849823321555,0.846181554168519,0.902424018703089,0.937497221110666,0.972077405672881,1.02622394890199,1.03948975141736,1.07210611802924,1.10387090184864,1.25211007608011
Sao Tome and Principe,STP,0.372586872586873,0.366389977711167,0.360368600888996,0.354162642457021,0.347547461433029,0.366692142311236,0.410049970297376,0.450993119563806,0.489808457777897,0.502833897065545,0.538631022326674,0.526920481807277,0.515547541184022,0.548308571975406,0.579406601123596,0.587909256438739
Saudi Arabia,SAU,13.3850649860219,10.9158671945109,10.2294636347906,10.8738951947222,13.8804943728981,13.5048558617739,14.3993971793492,14.0112166823994,16.4549942335608,16.0694463539034,17.0235682589067,15.0874987664626,15.6393133160642,17.6902254770072,18.9776259692417,18.0724507178889
Senegal,SEN,0.418408852995009,0.356167681452211,0.365257603583198,0.384710034404486,0.399404375686699,0.428018740318072,0.43766291154581,0.469656020807022,0.481487398212969,0.519999034518964,0.413622745052654,0.448464474503729,0.444968123919281,0.464873612500262,0.638487724313837,0.588334149509437
Seychelles,SYC,2.54329534004214,5.26438520932759,5.48798924485706,6.29332172615346,6.87017293019931,7.81250461811285,6.44025089605735,6.64311594202899,8.93414545454545,8.31599517490953,8.66903073286052,7.54677595756942,7.97027232163393,8.48511993401911,7.67958115183246,6.83570636200409
Sierra Leone,SLE,0.10045125908773,0.102087123309341,0.0945474703330562,0.0891491085899514,0.104753135474618,0.134682069419492,0.137652827106428,0.140440617845253,0.131758412488987,0.107740840511185,0.139876037865325,0.119033972237247,0.120200375309815,0.115584129038244,0.125706080193189,0.152044167890243
Singapore,SGP,15.0667976135342,18.2403303477345,14.5888184966388,12.6478940056079,12.1665850691427,11.9722498791687,11.3100957854406,7.56606153397492,6.83376652986776,7.11685803366309,6.99757645294679,3.96540426273809,4.92757387279415,4.77821657711124,2.65524691236433,4.32015143623281
Slovak Republic,SVK,7.68837641840926,7.62514937423966,7.50948758894325,7.2721314969181,6.65932948826437,7.31713779128579,7.30002053223114,7.34986807171807,7.21280145487577,7.32539080596046,7.27796296110182,6.84327381534925,7.01055856847993,6.31907323733116,6.72195956247584,6.36754591744492
Slovenia,SVN,7.51977041457729,7.98596494584976,7.66661216605126,7.70366885269875,7.23840366026874,7.6117411122155,7.73101181732037,7.7722871746872,7.88482893442804,7.93167469309774,8.09460811573058,8.04946876353362,8.53201627058807,7.5473353764753,7.53060481318062,7.50425970227631
Solomon Islands,SLB,0.436739046876607,0.424757607428019,0.41319473787994,0.411181628579758,0.400195471654185,0.40692976967665,0.396302078902167,0.402558966914005,0.392457206759552,0.382869598939711,0.373782025145824,0.387510034039527,0.378784688424942,0.377551397039826,0.376333439127898,0.368304169270601
South Africa,ZAF,8.96594298530207,9.07313645097013,8.88357162511229,8.64408828873052,8.37751152272727,8.07716373228452,7.63368838926592,8.25569319646868,9.09041817899253,8.27512391863374,8.80247506969903,9.06332552937525,9.5064811633085,9.54549478789639,8.95715352365484,9.25721647223847
Spain,ESP,5.90973306118979,6.36831430665937,6.58444474912432,7.07191899328031,7.31274002056865,7.30763729738843,7.59128078166889,7.61116644458348,7.90805068135971,8.09705804769438,7.88419571010583,7.92089071606499,7.1654518096816,6.21697337783496,5.81578652609683,5.79076423425033
Sri Lanka,LKA,0.385178992146597,0.410187365359759,0.416598062180579,0.45221714945424,0.535978640980002,0.55560014895994,0.584324560012684,0.577792051322172,0.632833444816054,0.616020158827123,0.603103132238896,0.616503967263836,0.602955793737034,0.644280244498778,0.648245630174793,0.729920839522737
St. Kitts and Nevis,KNA,2.3662971583969,2.33966047624473,2.31299137212498,2.28483688637679,2.25443527138591,3.96724078241302,4.2189837008629,4.61441664394623,4.69506856104411,4.77600276765909,4.71090770404272,4.94116714554642,4.88043371890474,5.03426339501518,4.97320064180929,5.05096418732782
St. Lucia,LCA,2.21553147782656,2.06428732267507,2.01238681353142,2.0572826991159,2.10278498110851,2.28826347305389,2.0369933465653,2.22150376776475,2.17603479707822,2.21695575157037,2.18721668177697,2.2629682743056,2.29281707182928,2.19773853284322,2.27382650213927,2.27042358794721
St. Vincent and the Grenadines,VCT,1.221451174152,1.22232201553689,1.49502886317096,1.52963041926603,1.35944465555113,1.66390095287483,1.72923717059639,1.82750982889418,2.02665733260872,2.02319101784844,2.02023726448011,2.0848792744546,2.11625521000321,2.11451192165118,2.14687694390574,2.17992335903275
Sudan,SDN,0.137465511949685,0.169602368250794,0.14291034853417,0.150670884476316,0.159133713745191,0.178055692848892,0.220598608029217,0.239590404729863,0.292150009533967,0.267090640335919,0.278837921919955,0.30888397658094,0.318940845724107,0.343430681519523,0.341750838615107,0.349548724216747
Suriname,SUR,4.69638027302806,4.63967034181238,4.61200832217741,4.52557097113976,4.42403655946634,4.69535945147766,4.64529449627882,4.60968417339805,4.69886084951932,4.85207693511572,4.93908898625475,4.89711210432915,4.84197987987929,4.82950000195114,4.62142737208598,3.64991336144231
Swaziland,SWZ,0.346398092038037,1.19469982915491,1.17992036504539,1.18250710059905,1.11694203804591,1.06451549873693,1.04026446250445,0.957239723553218,0.941222625653673,0.922856454851436,0.908384337741593,0.937064095526029,0.950321126760563,0.890557455333443,0.869767204068565,0.864988312997234
Sweden,SWE,6.32403140459934,5.89509851954463,5.98545979233472,5.76966651365779,5.56243008285854,5.74702606576468,6.43422859805055,6.11519453231213,6.06224140440501,5.71031351209116,5.45900321623082,5.25352193659618,5.32610958544246,4.70436870833676,5.60600049519488,5.5184214812387
Switzerland,CHE,5.6401025191428,5.84948312193729,5.86565191762983,5.69710026230436,5.43548498451474,5.94238445202351,5.58953309741593,5.47826441228173,5.46604259350102,5.56328105723792,5.5956051990838,5.03494463137043,5.28160584752882,5.37229118249094,4.95249925590189,4.62522992397501
Syrian Arab Republic,SYR,3.00278646970873,2.70379004382403,3.22965891327377,3.27936500582566,3.12144740905158,2.92228094978356,2.29846564096023,3.13714774080651,2.89219656072322,2.79238830846262,2.86143558911161,3.42167306363866,3.36081412318232,3.01231845135801,2.97174107200167,2.7369909434886
Tajikistan,TJK,0.4822840273589,0.362575167009726,0.415352473625769,0.413386431458752,0.361593119600036,0.364344121761163,0.293633920953629,0.317704421226135,0.384487180025644,0.358851866572725,0.382552665878704,0.463345438758387,0.409462437097398,0.382774553065694,0.373872943468058,0.358947629748805
Tanzania,TZA,0.112632755120179,0.0914023599009583,0.0790713623423472,0.076581936939059,0.0779969692503352,0.0896285120786341,0.100123969892468,0.103247503378973,0.11503075206877,0.140895493733617,0.149737237271734,0.144041145027586,0.147981815459091,0.139972868324949,0.150058649211557,0.154934900364361
Thailand,THA,3.12239353542493,3.18931516932621,2.79286252656162,2.94980278570884,3.00439423197259,3.1874449165747,3.3674230727511,3.58235026432931,3.85821342750582,3.88936886634519,3.99219845848141,3.99468714359492,3.98405966720517,4.19851191460529,4.47042614871008,4.53449173353441
Togo,TGO,0.241242256611232,0.218890638227524,0.252140512962001,0.323627088263388,0.27833102722507,0.23219880536684,0.239597745730171,0.276938268632579,0.257366421100875,0.239943071435524,0.213027515733557,0.239676701841331,0.285947796912474,0.270613774387794,0.269107040674239,0.319443621625301
Tonga,TON,0.800704972237819,1.02572363922674,0.907888628696989,1.12948931189552,0.973891192874216,0.894081313367332,1.0370789354073,1.17808164166817,1.09761938020075,1.12709948640663,1.26439555892697,1.11263690551929,1.17696661998133,1.27651427245301,1.12888298844604,0.983561958770787
Trinidad and Tobago,TTO,17.3097471719255,15.2535090272925,15.3006596205756,18.0395451860836,18.8442814555435,19.7618319326806,21.304551430539,21.7298076713404,23.8767650625516,22.7552356212696,35.6304912515223,36.816762904236,35.4552978168913,36.5694478913821,38.3378410429977,37.140054240742
Tunisia,TUN,1.84372723972143,1.83889212037027,1.92871792399259,1.93861324675599,2.08561224810259,2.15712587818374,2.13988891054375,2.15925100103661,2.24507943699408,2.25965300628178,2.27017348117576,2.35797449413698,2.40350763392036,2.37415734319323,2.53561936456467,2.40245563904139
Turkey,TUR,3.16569213540963,3.28732498457134,3.27026893885217,3.1586687711914,3.41794399719786,3.03123276501918,3.15828449526413,3.30795434056199,3.36582806161375,3.49820837909564,3.80781374543388,4.09488879112011,4.05539658284175,3.89895912237478,4.12115485547753,4.38310451625186
Turkmenistan,TKM,7.34913993284423,6.95513620761667,6.02699478737823,7.81212794366556,7.85631108768146,8.61854508210227,8.72793082519523,9.05461123795082,9.20638824614488,9.58488061621298,9.72272478681038,11.5356216815366,11.5575717619843,10.1106608609027,11.3581110254969,12.183666583638
Turks and Caicos Islands,TCA,0.688983528527588,0.665638046832456,0.857076078064742,0.821000783611329,0.77707141343505,0.726642227286238,4.55423183072677,4.38561421493251,4.10293706293706,4.57508506616257,5.17375732580855,5.76209930861094,6.0948746650385,5.94052302707706,6.15248604523602,6.01014908437608
Uganda,UGA,0.0529795734784284,0.0529426951188028,0.0604139928294154,0.0611528779823921,0.0645184562975879,0.0660621941165049,0.0658029087947315,0.0651780319905286,0.0682962426859898,0.0814673473356234,0.0915456317341602,0.104292990807736,0.101918826357811,0.105319918764155,0.108297319376688,0.110886575504705
Ukraine,UKR,8.07595997891697,6.74378991386447,6.55386366834883,6.69472119355751,6.52300885589202,6.60693034540294,6.61144067216431,7.36744655998009,7.23104925861299,7.08774622307752,6.97798058252427,6.91070827693786,6.72404620153832,5.64701422047931,6.6381520011685,6.26235196177316
United Arab Emirates,ARE,16.6385567117257,16.0472403110334,29.8106307406987,27.1739536396379,36.904101073791,31.5160990283931,24.9565514457611,29.4670889001538,28.4814369917089,25.9145872267054,23.9545191641101,23.1950669705995,23.0336004679324,21.102295616996,20.120957282549,20.4338376195602
United Kingdom,GBR,9.47487243185348,9.03718736750208,9.09365154299472,9.04651126965251,9.19979829694484,9.23323701401393,8.87793487399689,9.02831786444569,8.98742851579831,8.98148147902875,8.89732410009266,8.61548931914232,8.43777320026641,7.5989996028985,7.84165331224773,7.08573208602778
United States,USA,19.5278905060989,19.7142757383819,19.615154599897,19.7478147792431,20.2076147591466,19.6561932123448,19.6391957710047,19.5762390475548,19.683581350362,19.6102750390681,19.1161388237155,19.2374604467856,18.4892337521751,17.192379097866,17.4847921827813,17.0202163384029
Uruguay,URY,1.67541953775801,1.69840453143887,1.72760798922523,2.03222476655311,1.59763997926077,1.529797226117,1.38844331188754,1.38271795749205,1.68783031536995,1.73668243521185,1.99585384869175,1.79630571150535,2.47105375620145,2.40122149626453,1.91260467743436,2.29620068466244
Uzbekistan,UZB,4.48834484391819,4.33712189969155,4.92607804249304,4.86677876655842,4.9110225797553,4.93502556635536,5.06798311164398,4.83336951186362,4.65216682421944,4.31373844919173,4.4366847942012,4.3914467768349,4.43446602546259,3.9120530190079,3.69326768758928,3.91492126628356
Vanuatu,VUT,0.490919779746452,0.502891362483143,0.47362894077743,0.465083321385638,0.435939002907197,0.464942310130595,0.434843805585774,0.405472374260541,0.26944215847637,0.262710447761194,0.222102639364503,0.433459419156559,0.406838706814299,0.50846253173991,0.49659118320433,0.59126577254461
"Venezuela, RB",VEN,5.42200598413755,5.79835968517054,7.10082745566083,7.20643461331692,6.2260345648263,6.92004057060757,7.61115861271382,7.42928493659087,5.76614505403735,6.16739380438987,6.2272873582338,5.86851802120072,6.60489229965548,6.5252928127762,6.81175648358061,6.4163335811843
Vietnam,VNM,0.473884387896119,0.606948116527536,0.629679947201228,0.622650871382188,0.691020495704674,0.777658384263646,0.890220650081659,0.978870449399384,1.11190120142835,1.19117716383003,1.23327563400839,1.35279093073375,1.49749608487912,1.63637077593723,1.76169543036264,1.97188917349727
West Bank and Gaza,WBG,0.146326756371101,0.146326756371101,0.216594011023681,0.227865445924441,0.271057675624788,0.450151178337065,0.375598342054769,0.405640435769733,0.57668170496066,0.826080985521004,0.665291777024802,0.665297084329185,0.570947493916625,0.564577774728555,0.53401483350485,0.572406877323468
"Yemen, Rep.",YEM,0.943222585116137,0.946478335006849,0.724905295237326,0.80293135477163,0.82261780537795,0.887790298491442,0.837104492399333,0.893184798275133,0.94730813862217,0.977538316803942,0.985853020670881,0.981421729446496,0.989904580982792,1.02625146236689,1.09006025439501,0.919967617002559
Zambia,ZMB,0.196811397943203,0.244873737958254,0.230594179310158,0.175359068647659,0.172173936866688,0.175563780114201,0.176766866146414,0.183895492440666,0.181385485732756,0.189080399691421,0.179773644714873,0.150264752789065,0.164691752590762,0.18405787627623,0.19207865757486,0.212449644529525
Zimbabwe,ZWE,1.26239999717116,1.19467766535891,1.16577490553084,1.27962515654776,1.11095600865313,0.996759279681955,0.940194844852405,0.831911009113553,0.766580809131114,0.82521788808709,0.780721380396105,0.731866885028634,0.569255428232098,0.600521157463995,0.646072745491111,0.691697896516679